id_str,user-name,user-followers_count,retweet_count,favorite_count,created_at,user-id,lang,user-name,user-location,country_code,text
552886651085942784,M i c k H a n n i g a n,4832,0,0,Wed Jan 07 17:57:04 +0000 2015,86522841,en,M i c k H a n n i g a n,in%20a%20world%20of%20my%20own,,@HRHgearoid @philipnolan1 @Diarmaid_Twomey @FintanOToolbox Send message to #CharlieHebdo we have same problem with #Faminenotfunny people
552886652574912512,][][]%Patriot ¬©,13522,7,0,Wed Jan 07 17:57:04 +0000 2015,19419025,en,][][]%Patriot ¬©,Florida%2C%20USA,US,RT @sianpierre: WHOA. This is powerful. RT @RLOppenheimer: #CharlieHebdo http://t.co/2lsJlUgdpX
552886652767830019,Fran√ßois-Ch Berthois,237,2759,0,Wed Jan 07 17:57:04 +0000 2015,290902880,fr,Fran√ßois-Ch Berthois,Paris%2C%20France,FR,RT @LePoint: [INFO LE POINT] ¬†#CharlieHebdo : les dessinateurs Cabu et Charb sont d√©c√©d√©s http://t.co/qTHIWBwTyV http://t.co/gLfs22N8jb
552886652222578689,nazbrokology,53,82,0,Wed Jan 07 17:57:04 +0000 2015,1922723010,fr,nazbrokology,Belle-%20le%20en%20mer,,RT @Vogelsong: RT @jeromegodefroy: La foule place de la R√©publique. #CharlieHebdo http://t.co/JM88FpbKPi
552886654563008513,clem,460,7,0,Wed Jan 07 17:57:05 +0000 2015,817950373,fr,clem,,,RT @StphanieFasquel: Au loin on entend la Marseillaise.... #lille #CharlieHebdo
552886653971619840,Mathilde Dehairs ‚úèÔ∏è,302,3735,0,Wed Jan 07 17:57:05 +0000 2015,1470326888,en,Mathilde Dehairs ‚úèÔ∏è,Leuven,,RT @Independent: The Independent's cartoonist @DaveBrownToons on the  #CharlieHebdo attack. #JeSuisCharlie
552886652608454656,Style minds,4222,130,0,Wed Jan 07 17:57:04 +0000 2015,2372263333,en,Style minds,Vienna%2C%20Austria,AT,RT @WSJ: Background on #CharlieHebdo and why the magazine was targeted in today's attack: http://t.co/dPKJNKF5Gx
552886652562341889,SKEG,641,8122,0,Wed Jan 07 17:57:04 +0000 2015,227254794,en,SKEG,London%20Town,,RT @stephen_strydom: this is not a religion  #IamCharlie #CharlieHebdo http://t.co/d2cWyrDPSC
552886651538526208,worker bee,13,1089,0,Wed Jan 07 17:57:04 +0000 2015,338909577,en,worker bee,S%20%20%27%20%27%27%20/%20E%20%20%27%20%27%27,,RT @Sophia_MJones: He drew first -- A powerful cartoon by @davpope on the deadly attack at satirical magazine #CharlieHebdo in Paris. htt‚Ä¶
552886652608466945,üá©üá™SissiCamilleüá´üá∑,613,0,0,Wed Jan 07 17:57:04 +0000 2015,1316582107,fr,üá©üá™SissiCamilleüá´üá∑,,,Triste jour pour notre si beau pays...  #CharlieHebdo #soutient #r√©action
552886650939125760,Mam's,48,0,0,Wed Jan 07 17:57:04 +0000 2015,1180190047,fr,Mam's,Les%20cit%20s%20d%27or%2C%20,,J aurais pr√©f√©r√© un come back pour une moins triste et horrible raison... Soutient et respect √† toute l'√©quipe de Charlie. #CharlieHebdo
552886654101635072,Graham Lanktree,1751,1044,0,Wed Jan 07 17:57:05 +0000 2015,528820859,en,Graham Lanktree,London%2C%20UK,GB,RT @Beltrew: He drew first powerful response to today's killings at #CharlieHebdo offices by Australian cartoonist David Pope http://t.co‚Ä¶
552886653652832257,Natacha,219,709,0,Wed Jan 07 17:57:05 +0000 2015,1327680272,fr,Natacha,,,RT @BRosmini: Image gla√ßante du face √† face police-terroriste‚Ä¶ #CharlieHebdo http://t.co/vhfUQ7rusc
552886651408879617,Clara Bravo,955,856,0,Wed Jan 07 17:57:04 +0000 2015,123122391,en,Clara Bravo,Santiago%2C%20Chile,CL,RT @AmichaiStein1: Thousands gathered in Paris in solidarity with #CharlieHebdo journos #jesuischarlie http://t.co/KJ2I7kSEeG
552886654059704321,martin van ter beek,107,195,0,Wed Jan 07 17:57:05 +0000 2015,253049966,en,martin van ter beek,,,RT @BoingBoing: Long live comics and long live freedom of the press. http://t.co/qwbOzTTrTH #charliehebdo #jesuischarlie http://t.co/iEpTE‚Ä¶
552886653095006209,Lise Roche,77,6482,0,Wed Jan 07 17:57:04 +0000 2015,60575227,fr,Lise Roche,PARIS,FR,RT @OmarSy: Mes pens√©es vont aux victimes et √† leurs proches ... #CharlieHebdo http://t.co/uBy1N84U2r
552886651824111616,Neto Sainz,335,33197,0,Wed Jan 07 17:57:04 +0000 2015,106193560,en,Neto Sainz,,,RT @iyad_elbaghdadi: As a Muslim killing innocent people in the name of Islam is much much more offensive to me than any cartoon can ever‚Ä¶
552886653656657920,Ashish Gupta,293,1087,0,Wed Jan 07 17:57:05 +0000 2015,41360166,en,Ashish Gupta,India,IN,RT @MANJULtoons: Last message from #CharlieHebdo cartoonists to their killers. My #cartoon http://t.co/yRnaWVcOjf
552886653162119170,isimbosbirakilamaz,0,0,0,Wed Jan 07 17:57:04 +0000 2015,1289952306,tr,isimbosbirakilamaz,,,Para verip kendimi takip ettirir miyim benya  #CharlieHebdo
552886653581533186,Eugenio Font√°n O√±ate,2750,5,1,Wed Jan 07 17:57:05 +0000 2015,242060562,fr,Eugenio Font√°n O√±ate,MADRID%2C%20ESPA%20A,,‚Äú@Le_Figaro: #JeSuisCharlie Le coup de crayon hommage du dessinateur @ixene_dessin sur l'attaque de #CharlieHebdo. http://t.co/MRlrPsBsE1‚Äù
552886654080651264,Amrit Chhetri-IT Security Researcher| DFIR Mentor,1937,0,0,Wed Jan 07 17:57:05 +0000 2015,100132110,en,Amrit Chhetri-IT Security Researcher| DFIR Mentor,Siliguri%20%2C%20India,,Breaking News: @SkyNews: 'What we know about the #CharlieHebdo Paris shooting s‚Ä¶ http://t.co/6CR2lo2TCW see more http://t.co/VVHYFRsCgd
552886650700066816,üåπ,1441,14,0,Wed Jan 07 17:57:04 +0000 2015,409510893,fr,üåπ,%20Charleville%20/%20%20Fr%20jus,,RT @lou_folow: Ils ont voulu tuer Charlie hebdo mais ils l'ont rendu immortel #CharlieHebdo
552886651698302976,FiLtHy ThE DaWg,415,3,0,Wed Jan 07 17:57:04 +0000 2015,376084551,en,FiLtHy ThE DaWg,Man%20Of%20Kent,,RT @curdistani: Is this barbarism come from Islam or Arab culture (imperialism)? or both? #JeSuisCharlie #CharlieHebdo #Twitterkurds http:/‚Ä¶
552886652478038020,Shuvankar Mukherjee,3924,1,1,Wed Jan 07 17:57:04 +0000 2015,10352582,en,Shuvankar Mukherjee,Out%20in%20the%20great%20wide%20open,,What are you saying?
552886652289286144,Gh√∞¬ß‚Ä† R√Ø√ê√™r R√•√ê√Ø√∞‚Ñ¢,10837,74,0,Wed Jan 07 17:57:04 +0000 2015,31480794,en,Gh√∞¬ß‚Ä† R√Ø√ê√™r R√•√ê√Ø√∞‚Ñ¢,Ghstng%20CybrSpc,,RT @MailOnline: Military brought in to protect public spaces after #CharlieHebdo attack http://t.co/vXmMdOpjI4 http://t.co/RZJRxYyLy7
552886654131011584,üç∏üêòDianaüê±üî® | #SaveRebel,235,2867,0,Wed Jan 07 17:57:05 +0000 2015,477814571,fr,üç∏üêòDianaüê±üî® | #SaveRebel,She/Her,US,RT @QuoteAdo_: Apr√®s les paquets de cigarettes on aura.. #CharlieHebdo #JeSuisCharlie #LiberteDeLaPresse http://t.co/tlTwgFhcVy
552886652188651521,Dana E. Neuts,1586,188,0,Wed Jan 07 17:57:04 +0000 2015,547274259,en,Dana E. Neuts,Kent%2C%20Washington,,RT @nycjim: After 2012 attack #CharlieHebdo editor said: I'd rather die standing than live on my knees.‚Äù http://t.co/2xNLgoKrXy http://t.‚Ä¶
552886651052367872,Miguel L√≥pez Zuleta,1697,0,0,Wed Jan 07 17:57:04 +0000 2015,270502203,es,Miguel L√≥pez Zuleta,lima%20peru,,'Lucha por todo aquello que te saque una sonrisa.' #CharlieHebdo
552886651920584704,Erik Thunefors,345,895,0,Wed Jan 07 17:57:04 +0000 2015,2169901791,en,Erik Thunefors,,,RT @astroehlein: 12 #CharlieHebdo covers - Offensive to some maybe but all people must be free to offend. http://t.co/fDyPjpWnuw http://t‚Ä¶
552886650594803713,Vinay Narayanan,330,34,0,Wed Jan 07 17:57:04 +0000 2015,497102134,en,Vinay Narayanan,Chennai,IN,RT @nationalizer: I would rather die standing than live on my knees : Stephane Charbonnier (Charb)
552886650750369792,Foot Citoyen,1045,452,0,Wed Jan 07 17:57:04 +0000 2015,404942366,fr,Foot Citoyen,France,FR,RT @Daphne_Burki01: D√©chirant...#solidarit√© #CharlieHebdo  https://t.co/eixVYBmS7D
552886653212459009,Muren Beykan,1303,62,0,Wed Jan 07 17:57:04 +0000 2015,220951817,tr,Muren Beykan,%20stanbul,ES,RT @cumhuriyetgzt: #CharlieHebdo Parisliler kanlƒ± saldƒ±rƒ± i√ßin sokakta http://t.co/wj1SAU9WQl http://t.co/IYZTzP5ia5
552886652759076865,LCP,580981,31,4,Wed Jan 07 17:57:04 +0000 2015,85362553,fr,LCP,Paris%2C%20France,FR,Cabu Charb Tignous Wolinski 4 dessinateurs embl√©matiques assassin√©s http://t.co/3vGY4Oc03L #CharlieHebdo http://t.co/KWkOG4B2I6
552886650880397312,apo,249,15,0,Wed Jan 07 17:57:04 +0000 2015,1912098061,fr,apo,Nantes,FR,RT @VMeillerais: Les Nantais affluent encore vers la place royale #JeSuisCharlie rassemblement #charliehebdo #nantes http://t.co/LV4i51ilIx
552886653069824000,Laura Brogialdi,788,2,0,Wed Jan 07 17:57:04 +0000 2015,1449933242,it,Laura Brogialdi,,,RT @AlessiaLautone: Nel novembre 2011 dopo polemiche vignette su Maometto attacco con ordigno incendiario danni solo materiali #CharlieH‚Ä¶
552886651371134976,manuela bellandi,629,0,0,Wed Jan 07 17:57:04 +0000 2015,318446896,it,manuela bellandi,toscana,,Parigi Brucia #CharlieHebdo http://t.co/DcXY4C3u4i
552886654923325440,ED Day - After The Pandemic,22494,23,8,Wed Jan 07 17:57:05 +0000 2015,330378192,en,ED Day - After The Pandemic,Post-Pandemic%20Sydney,,.@JohnKerry: Murderers proclaimed that #CharlieHebdo is dead. But make no mistake they are wrong #JeSuisCharlie http://t.co/lC4bF9BeY3
552886652776239104,Timoth√©e,144,1,0,Wed Jan 07 17:57:04 +0000 2015,227319158,fr,Timoth√©e,,,RT @LeaGuerry: Je suis Charlie.  #CharlieHebdo #Nantes #jesuisCharlie @ Place Royale http://t.co/oQblTFe47Q
552886653933858818,Justine,107,118,0,Wed Jan 07 17:57:05 +0000 2015,260229238,fr,Justine,Tours%2C%20France,FR,RT @villedetours: Rassemblement en soutien √† #CharlieHebdo #Tours http://t.co/ygtNu0o3KN
552886653749305346,Javier Galan Gamero,972,54,0,Wed Jan 07 17:57:05 +0000 2015,396497313,es,Javier Galan Gamero,Madrid,ES,RT @aprensamadrid: La Asociaci√≥n de la Prensa de Madrid con #CharlieHebdo #JeSuisCharlie http://t.co/1HU0zAsBuU
552886652197421057,Christoph Heyes,1581,515,0,Wed Jan 07 17:57:04 +0000 2015,22167406,en,Christoph Heyes,Willich,,RT @GermanyDiplo: #JeSuisCharlie: People gathering next to FrenchEmbassy in #Berlin to show #solidarity w/ #CharlieHebdo http://t.co/tZVcM1‚Ä¶
552886652205424641,Paul Timmins,44,33197,0,Wed Jan 07 17:57:04 +0000 2015,20114528,en,Paul Timmins,Ottawa%2C%20ON,,RT @iyad_elbaghdadi: As a Muslim killing innocent people in the name of Islam is much much more offensive to me than any cartoon can ever‚Ä¶
552886651848888320,ÿ≥€åÿØ€Å ŸÇÿØÿ≥€å€Å ŸÖÿ¥€ÅÿØ€å,6054,138,0,Wed Jan 07 17:57:04 +0000 2015,315314744,en,ÿ≥€åÿØ€Å ŸÇÿØÿ≥€å€Å ŸÖÿ¥€ÅÿØ€å,Islamabad%2C%20Pakistan,PK,RT @ZaidZamanHamid: #CharlieHebdo attackers spoke french (locals) escaped (did not came for martyrdom) had assault guns (mil grade) - my ‚Ä¶
552886651316617217,Jaffr√©zou MarieJos√©e,250,1314,0,Wed Jan 07 17:57:04 +0000 2015,2732042510,fr,Jaffr√©zou MarieJos√©e,Bretagne,FR,RT @lemondefr: #CharlieHebdo : notre carte des rassemblements d'hommage en France
552886651593428992,guillaume,785,71,0,Wed Jan 07 17:57:04 +0000 2015,1125963517,fr,guillaume,strasbourg,FR,RT @F3Alsace: Au moins 4500 personnes √† Strasbourg #CharlieHebdo  #jesuisCharlie http://t.co/Kfs1lwRgZU
552886650981064704,Whi,51,1167,0,Wed Jan 07 17:57:04 +0000 2015,813492362,fr,Whi,,,RT @jbdba: Superbe r√©action d'un dessinateur espagnol !
552886652096749568,Seba Miranda Berr√≠os,1058,82,0,Wed Jan 07 17:57:04 +0000 2015,291951525,es,Seba Miranda Berr√≠os,Rancagua%2C%20Cachapoal%2C%20O%27Higgins,,RT @latercera: Artistas de todo el mundo se manifiestan en redes sociales para apoyar a #CharlieHebdo http://t.co/tm6kbD6yEI http://t.co/Cr‚Ä¶
552886651262078976,margaux,307,17,0,Wed Jan 07 17:57:04 +0000 2015,1618531453,fr,margaux,Nantes%2C%20Pays%20de%20la%20Loire,FR,RT @clairefrj: Un hommage √† ces gens qui sont morts pour de l'encre sur un morceau de papier.
552886652042248192,Marie üê∫,1731,1,0,Wed Jan 07 17:57:04 +0000 2015,2721985471,fr,Marie üê∫,France,FR,De forte penser pour ce qui c'est passer √† Paris aujourd'hui. Les gens sont vraiment cruelle et sans c≈ìur :'(  #CharlieHebdo
552886651513765888,Gilber Corrales R.,1042,15,0,Wed Jan 07 17:57:04 +0000 2015,140564412,es,Gilber Corrales R.,Colombia,CO,RT @elpaiscali: As√≠ fue el ataque al semanario #CharlieHebdo que dej√≥ doce muertos:  http://t.co/Km4YbRj4hF http://t.co/R0yb2XIJOG
552886651278852096,Justine,73,0,0,Wed Jan 07 17:57:04 +0000 2015,55847974,und,Justine,Lyon%2C%20France,FR,#jesuischarlie #charliehebdo #lyon http://t.co/VBHolKw8VM
552886654013161472,ssai01,430,90,0,Wed Jan 07 17:57:05 +0000 2015,2468206993,en,ssai01,,,RT @ashimasingh99: Ppl belonging to religion of MFHussain preach FoE to others while killing of #CharlieHebdo is justified for them. http:/‚Ä¶
552886653518630912,Raul Armas,332,6577,0,Wed Jan 07 17:57:04 +0000 2015,194460274,es,Raul Armas,Venezuela,VE,RT @cpgellida: Respuesta al terror: difundir las portadas con las que tratan de justificar los asesinatos de hoy en #CharlieHebdo http://t.‚Ä¶
552886651308216321,ian Jackson,216,497,0,Wed Jan 07 17:57:04 +0000 2015,2738338083,en,ian Jackson,,,RT @bouckap: French cartoonist Charb among dead in #CharlieHebdo attack his cartoons often attacked racism and islamophobia. http://t.co/N‚Ä¶
552886652126130176,–í—ñ–∫—Ç–æ—Ä –ü–∞—Å—Ç—É—Ö,57,38,0,Wed Jan 07 17:57:04 +0000 2015,2778771896,ru,–í—ñ–∫—Ç–æ—Ä –ü–∞—Å—Ç—É—Ö,,,RT @bbcrussian: –í —Ü–µ–Ω—Ç—Ä–µ –ü–∞—Ä–∏–∂–∞ –ø—Ä–æ—Ö–æ–¥–∏—Ç –º–Ω–æ–≥–æ—á–∏—Å–ª–µ–Ω–Ω–∞—è –∞–∫—Ü–∏—è –≤ –ø–æ–¥–¥–µ—Ä–∂–∫—É #charliehebdo http://t.co/b5jxuvV91g http://t.co/cGTepl77d4
552886651861880833,Zeina,919,4923,0,Wed Jan 07 17:57:04 +0000 2015,246317647,en,Zeina,,,RT @abgutman: To all my Muslim friends: you don't need to apologize for the #CharlieHebdo attack in Paris. A criminal committed a crime no‚Ä¶
552886652214210562,pitchieüåäüì∑,573,0,0,Wed Jan 07 17:57:04 +0000 2015,1479404730,fr,pitchieüåäüì∑,Morbihan%2C%20Breizh,,Mais jusqu'o√π iront-ils mais quand ce cauchemar s'arr√™tera-t-il? #CharlieHebdo
552886653355044864,Romain,2344,21,0,Wed Jan 07 17:57:04 +0000 2015,506361323,fr,Romain,Paris%2C%20France,FR,RT @LorisBelin: Rassemblement de soutien pour #CharlieHebdo √† Angers. La foule tient des crayons en l'air. Le Ralliement est plein. http://‚Ä¶
552886654017736705,Carlos,293,251,0,Wed Jan 07 17:57:05 +0000 2015,146049507,de,Carlos,,,RT @tagesspiegel: Unsere Seite 1 von morgen - mit Karikaturen von #CharlieHebdo #JeSuisCharlie http://t.co/IacHJAAStG
552886651178205184,Maxime DANIEAU,320,187,0,Wed Jan 07 17:57:04 +0000 2015,2492557940,fr,Maxime DANIEAU,Bourges,FR,RT @dseux: + qu'un confr√®re un comp√®re / L‚Äôhommage des ¬´Echos¬ª √† Bernard Maris http://t.co/4sCuDPLebM #charlieHebdo #JeSuisCharlie
552886655833870337,A. Viera,2662,11,0,Wed Jan 07 17:57:05 +0000 2015,429979101,es,A. Viera,Catalu%20a%20%28ESPA%20A%29%20%20%20%20%20%20%20,,RT @PaulinaAstrozaS: Periodistas muestran sus cartas credenciales como apoyo a #CharlieHebdo http://t.co/hFoxSu4Yrb
552886656978935809,Pablo C Collins,894,3735,0,Wed Jan 07 17:57:05 +0000 2015,1306242882,en,Pablo C Collins,Dingly%20Dell%2C%20Sussexshire,,RT @Independent: The Independent's cartoonist @DaveBrownToons on the  #CharlieHebdo attack. #JeSuisCharlie
552886655573819392,Elena Servettaz,4051,19894,0,Wed Jan 07 17:57:05 +0000 2015,564813207,und,Elena Servettaz,Paris,FR,RT @RLOppenheimer: #CharlieHebdo http://t.co/15O4YC2KWg
552886657012486146,Fabio Banzato,1240,1,2,Wed Jan 07 17:57:05 +0000 2015,603008179,it,Fabio Banzato,Milano%2C%20Lombardia,IT,La Francia sta vivendo il suo 11 settembre #CharlieHebdo http://t.co/IpWfgp3Av3
552886655934541824,Fabian Fraikin,621,817,0,Wed Jan 07 17:57:05 +0000 2015,150664253,nl,Fabian Fraikin,Amsterdam%2C%20Nederland,NL,RT @amnestynl: Zwarte dag voor de persvrijheid #CharlieHebdo http://t.co/CVQWtmCKWS
552886656274288640,Lu Cortada ||*||,595,6617,0,Wed Jan 07 17:57:05 +0000 2015,246699071,en,Lu Cortada ||*||,Vilanova%20i%20la%20Geltr%20%2CEl%20Garraf,,RT @LatuffCartoons: Please RT! #CharlieHebdo attack has another victim! Via @MiddleEastMnt #ParisShooting http://t.co/PNesB88POL
552886659239653378,Ruben Koops,6032,27,8,Wed Jan 07 17:57:06 +0000 2015,34697297,nl,Ruben Koops,Amsterdam,NL,Dam. Mannetje of 200. Meemaken. #CharlieHebdo #Dam http://t.co/yfrkXtOX6T
552886658736353281,Rob  Wilson,3288,156,0,Wed Jan 07 17:57:06 +0000 2015,347810094,en,Rob  Wilson,Scotland,GB,RT @Trushar: MT @davpope Can't sleep thoughts with my French cartooning colleagues their families &amp; loved ones #CharlieHebdo http://t.co/‚Ä¶
552886657398341632,ismaildemirfb,102,59266,0,Wed Jan 07 17:57:05 +0000 2015,95059975,en,ismaildemirfb,izmir,TR,RT @davpope: Can't sleep tonight thoughts with my French cartooning colleagues their families and loved ones #CharlieHebdo http://t.co/Lq‚Ä¶
552886659139010561,Gr√©goire de FOURNAS,3534,9,0,Wed Jan 07 17:57:06 +0000 2015,2393776901,fr,Gr√©goire de FOURNAS,Pauillac,,RT @Bleu_Gironde: RT @F3Aquitaine: Les policiers de #Bordeaux solidaires de leurs coll√®gues victimes de l'attaque √† #CharlieHebdo http://t.‚Ä¶
552886658526629888,Caenpagnarde,252,221,0,Wed Jan 07 17:57:06 +0000 2015,2231928222,fr,Caenpagnarde,,,RT @caen_city: Une √©norme pens√©e aux familles des victimes. #CharlieHebdo http://t.co/BSzEPoKDXA
552886656844718080,tipimentüá∑üá™,228,612,0,Wed Jan 07 17:57:05 +0000 2015,386552691,fr,tipimentüá∑üá™,Li%20ge%2C%20Belgique,BE,RT @LPJofficiel: Rassemblement place de la R√©publique en hommage aux victimes.
552886659977854978,TRAHISON,131,228,0,Wed Jan 07 17:57:06 +0000 2015,2901759176,fr,TRAHISON,Toulouse%2C%20France,FR,RT @Histoire_du_PSG: Grosses pens√©e pour #CharlieHebdo les deux policiers et les proches des victimes. Honte √† cette barbarie. #RIP http:‚Ä¶
552886656261693442,Preben Buchholtz,194,34,0,Wed Jan 07 17:57:05 +0000 2015,846225372,da,Preben Buchholtz,Danmark,nan,RT @CarlEmilArnfred: St√¶rk kuglepens-demonstration i Paris lige nu #CharlieHebdo http://t.co/tdpqiUWAoE
552886658514046977,Gunnel kadir,9,924,0,Wed Jan 07 17:57:06 +0000 2015,983133739,en,Gunnel kadir,Gothenburg%2C%20Sweden,,RT @woodelijah: My thoughts are with the victims and their families in Paris. #CharlieHebdo #JeSuisCharlie
552886656450453505,Ga√´l Weiss,661,1960,0,Wed Jan 07 17:57:05 +0000 2015,76049719,fr,Ga√´l Weiss,Paris,FR,RT @jeromegodefroy: La foule place de la R√©publique. #CharlieHebdo http://t.co/teQfsQ9iX9
552886656236519424,Camille Mulan,60,0,0,Wed Jan 07 17:57:05 +0000 2015,2585324449,fr,Camille Mulan,,,Nos pens√©es pour les familles et proches des victimes de ce terrible et inadmissible attentat. #CharlieHebdo
552886655871647745,Benjamin Braden,1418,5,0,Wed Jan 07 17:57:05 +0000 2015,14530461,de,Benjamin Braden,Hamburg%2C%20Deutschland,,RT @Freischreiber: 19h Rathausmarkt #Hamburg ‚Äú@Medienfront: Doch auch in HH wird Solidarit√§t gezeigt. #CharlieHebdo https://t.co/N1UeWIBH‚Ä¶
552886659264839680,N,4538,1037,0,Wed Jan 07 17:57:06 +0000 2015,570777336,en,N,All%20over%20the%20place,,RT @TheAnonMovement: Muslim shooter = entire religion guilty
552886655720648704,kanou,7,1502,0,Wed Jan 07 17:57:05 +0000 2015,2191692143,fr,kanou,Somme%2C%20Picardie,,RT @fredpoignard: A #lyon la place noire de monde pour #charliehebdo @Clubpresselyon http://t.co/pqZZdFNUVl
552886657767464960,No√©mie,68,11788,0,Wed Jan 07 17:57:06 +0000 2015,449854976,fr,No√©mie,Cannes,FR,RT @NormanDesVideos: Quoi qu'il en soit quel que soit le d√©bat tu n'as pas le droit de tuer des gens. Point final. #CharlieHebdo
552886656043581440,Olafstruck,107,7,0,Wed Jan 07 17:57:05 +0000 2015,80796404,fr,Olafstruck,In%20a%20theater%20near%20you,RU,RT @renaudpila: Les Fran√ßais dans la rue ce soir.  Paris Lyon Strasbourg Dijon. Ici Toulouse photo de @PierreSelim https://t.co/D7UHrj0T‚Ä¶
552886655716442112,French Bulldog ‚ñΩ,161,0,0,Wed Jan 07 17:57:05 +0000 2015,498330638,fr,French Bulldog ‚ñΩ,Ailleurs%20depuis%20le%20%20mai%20,,Mon petit #sifaoui vaut mieux √™tre un beauf qu‚Äôun collabo ‚Ä¶ #cdanslair #france5 #CharlieHebdo
552886659776147456,Philippe LeBoulanger,317,5,0,Wed Jan 07 17:57:06 +0000 2015,132498125,fr,Philippe LeBoulanger,Nantes,FR,RT @JacquesAuxiette: De retour de l'assembl√©e nationale je rejoins le rassemblement √† #angers pour m'associer √† l'hommage #charlieHebdo
552886658656645120,Beba,172,0,0,Wed Jan 07 17:57:06 +0000 2015,2882696061,it,Beba,Roma%2C%20Lazio,IT,ma davvero c'√® gente che difende ci√≤ che √® successo oggi a #Parigi ? Per permalosit√† ? Per delle vignette? VOI SIETE PAZZI #CharlieHebdo
552886659017375744,Mister S,11790,143,0,Wed Jan 07 17:57:06 +0000 2015,2309929450,fr,Mister S,Toulouse%20France,,RT @MsieurLapique: #JeSuisCharlie - Hommage aux dessinateurs couillus #Cabu #Charb #Tignous #Wolinski - #CharlieHebdo n'est pas mort ! http‚Ä¶
552886657767452672,mduminy,452,924,0,Wed Jan 07 17:57:06 +0000 2015,27499685,en,mduminy,France,FR,RT @woodelijah: My thoughts are with the victims and their families in Paris. #CharlieHebdo #JeSuisCharlie
552886657687777280,Cl√©ment Lanot,46117,612,0,Wed Jan 07 17:57:05 +0000 2015,160534877,fr,Cl√©ment Lanot,Paris%2C%20France,FR,RT @LPJofficiel: Rassemblement place de la R√©publique en hommage aux victimes.
552886657578713088,Gab,117,3024,0,Wed Jan 07 17:57:05 +0000 2015,119879382,und,Gab,,,RT @Tommydessine: #CharlieHebdo http://t.co/GNh2ZAEArf
552886658677620737,Pierre Lindenbaum,5564,0,1,Wed Jan 07 17:57:06 +0000 2015,7431072,fr,Pierre Lindenbaum,Nantes%2C%20France,FR,[fr] Retour de la Place Royale √† Nantes. √ßa sert √† rien mais √ßa fait du bien. #CharlieHebdo
552886658409172993,MCDF,43,0,0,Wed Jan 07 17:57:06 +0000 2015,569382529,fr,MCDF,Marseille%20Paris,,#CharlieHebdo  #JeSuisCharlie
552886658686017536,Tuipster,3339,0,0,Wed Jan 07 17:57:06 +0000 2015,791853614,es,Tuipster,Espa%20a,SE,Los mejores tuits de la tendencia #CharlieHebdo  http://t.co/trz0v4qp4E
552886657654198272,Blanket Statement,111,43,0,Wed Jan 07 17:57:05 +0000 2015,9971242,en,Blanket Statement,All%20Over%20The%20World,,RT @YahooNews: President Obama: 'This was an attack on journalists an attack on free press ... these terrorists fear freedom' #Paris #Char‚Ä¶
552886657117335553,Elise,20,8601,0,Wed Jan 07 17:57:05 +0000 2015,2767925196,fr,Elise,,,RT @Vipere_Text: Vous d√©siriez tuer #CharlieHebdo ? Vous venez de le rendre immortel.
552886657238978562,Rosa&Roll,389,24,0,Wed Jan 07 17:57:05 +0000 2015,276196769,es,Rosa&Roll,Alicante%2C%20Espa%20a,,RT @contrapuntovzla: Caricaturistas se solidarizan tras ataque contra el semanario #CharlieHebdo http://t.co/OJPEDrv34s #Global http://t.co‚Ä¶
552886655653142528,EdurafiüëÅÔ∏è,2052,2,0,Wed Jan 07 17:57:05 +0000 2015,2562652278,hi,EdurafiüëÅÔ∏è,India,IN,RT @Shraddha48: Jis dhaj se koi maqtal me gaya wo shaan salamat rehti hai
552886657457078272,Nova „Ç¢„Éº„Éàüå∫,420,0,0,Wed Jan 07 17:57:05 +0000 2015,258757777,fr,Nova „Ç¢„Éº„Éàüå∫,London%2C%20England,GB,en tout cas nos tweet ne r√©soudrons rien mais mes condol√©ances aux familles et proches des personnes mortes #CharlieHebdo ‚ù§üôè
552886656399720448,Soleilgirl,1979,28,0,Wed Jan 07 17:57:05 +0000 2015,493933996,fr,Soleilgirl,FRANCE,FR,RT @atlantico_fr: #CharlieHebdo : de Merkel √† Obama la monde solidaire de la France &gt; http://t.co/WABs2LZePP http://t.co/GQzlvsv95f
552886655884210176,cristina scappatura,3336,13,0,Wed Jan 07 17:57:05 +0000 2015,494909390,it,cristina scappatura,,,RT @ItalianPolitics: Nostra ipotesi: pluriomicidio a #CharlieHebdo non ha NULLA a che fare con vignette anti-islamichema con la portaere‚Ä¶
552886657259962369,Tilbe Saran,28797,169,0,Wed Jan 07 17:57:05 +0000 2015,1472307403,fr,Tilbe Saran,Istanbul,TR,RT @TWITERGAZETESI: Fransa - Paris / #CharlieHebdo http://t.co/EPhpVSf2C5
552886656781807617,Tuipster,2113,0,0,Wed Jan 07 17:57:05 +0000 2015,1142845795,en,Tuipster,United%20States,US,Best of #CharlieHebdo trend  http://t.co/8sLfBNU1m9
552886656706285570,Marie üå∫,144,12,0,Wed Jan 07 17:57:05 +0000 2015,2530695732,fr,Marie üå∫,,,RT @carolinecayeux: Recueillement en hommage aux victimes #CharlieHebdo rendez-vous √† 20h devant l'H√¥tel de Ville #Beauvais http://t.co/30‚Ä¶
552886659168362497,Martine Le Jossec Communication üôè #FeelGood,12267,134,0,Wed Jan 07 17:57:06 +0000 2015,37917544,fr,Martine Le Jossec Communication üôè #FeelGood,Ile-de-France%2C%20France,FR,RT @Bleu_Poitou: Peut √™tre 4.000 personnes dans un silence  assourdissant #CharlieHebdo #rassemblement #poitiers http://t.co/bcydik5hxk
552886655355736064,nadia ben Farah,27,983,0,Wed Jan 07 17:57:05 +0000 2015,1056287960,en,nadia ben Farah,Dijon,FR,RT @AnneLaumen: People now gathering at Pariser Platz in Berlin to show solidarity! #CharlieHebdo #JeSuisCharlie http://t.co/K4WPc8iNxx
552886656811151360,Ceylan Yeginsu,47846,5,7,Wed Jan 07 17:57:05 +0000 2015,118713871,und,Ceylan Yeginsu,London%2C%20England,GB,#CharlieHebdo http://t.co/U08gB6MfTm
552886656882442240,Charles,104,1,0,Wed Jan 07 17:57:05 +0000 2015,609910622,fr,Charles,,,RT @LeRatel78: Vous avez voulu tuer #CharlieHebdo vous l'avez rendu immortel ! Magnifique. #JeSuisCharlie ( via @BFMTV )
552886657893277697,Rangeeni,1725,90,0,Wed Jan 07 17:57:06 +0000 2015,20220913,fr,Rangeeni,Den%20Haag%2C%20Nederland,NL,RT @LeNouvelObs: Ex-directeur de #CharlieHebdo Philippe Val a perdu tous ses amis &gt;&gt; http://t.co/kRvLkgvQih http://t.co/qjag42H7ZQ
552886657847136258,Vittoria Morrichini,19,0,2,Wed Jan 07 17:57:06 +0000 2015,217133866,fr,Vittoria Morrichini,,,Je suis Charlie Hebdo che mondo senza senso  #CharlieHebdo
552886659113828353,üéÆ Alika & JeanMi üéÆ || We‚ù§Streaming !,56,0,0,Wed Jan 07 17:57:06 +0000 2015,1357289317,fr,üéÆ Alika & JeanMi üéÆ || We‚ù§Streaming !,,,Quel est ce pays o√π l'on meurt pour des mots et o√π la terreur fait taire ? #CharlieHebdo #JeSuisCharlie http://t.co/4souhP1yvZ
552886657947811840,Coralyne,771,612,0,Wed Jan 07 17:57:06 +0000 2015,1209537403,fr,Coralyne,kop%20nord,,RT @LPJofficiel: Rassemblement place de la R√©publique en hommage aux victimes.
552886659487105024,Audrey,243,153,0,Wed Jan 07 17:57:06 +0000 2015,236073089,fr,Audrey,France,FR,RT @lavoixdunord: Attentat √† #CharlieHebdo : la police renforce sa pr√©sence dans les gares de #Lille http://t.co/Hvc4zdDC6N http://t.co/n9P‚Ä¶
552886655737397248,L'√âtudiant,175,8601,0,Wed Jan 07 17:57:05 +0000 2015,488337548,fr,L'√âtudiant,,,RT @Vipere_Text: Vous d√©siriez tuer #CharlieHebdo ? Vous venez de le rendre immortel.
552886658803433473,dannyvile ‚Ñ¢,4910,1,0,Wed Jan 07 17:57:06 +0000 2015,255476951,pt,dannyvile ‚Ñ¢,Montevideo%2C%20Uruguay,UY,RT @VEJA: Somos todos #CharlieHebdo: a rea√ß√£o ao atentado nas redes sociais: http://t.co/QwkiJnpo14 http://t.co/ruTX87A9wE
552886657196638208,Brooding Pelican,321,273,0,Wed Jan 07 17:57:05 +0000 2015,246154867,en,Brooding Pelican,,,RT @doberah: 100s turn out for #CharlieHebdo vigil in Berlin many holding lighted candles or EU flags http://t.co/bKPFJSpfu7
552886658165932032,Lise,124,809,0,Wed Jan 07 17:57:06 +0000 2015,2412321077,fr,Lise,,,RT @LeJimmyLabeeu: Les images ou l'ont voit le policier se faire tuer alors qu'il est d√©j√† √† terre me donne envie de vomir.
552886660133044224,alex,7507,1502,0,Wed Jan 07 17:57:06 +0000 2015,1122694903,fr,alex,Somewhere%20in%20nothern%20italy,,RT @fredpoignard: A #lyon la place noire de monde pour #charliehebdo @Clubpresselyon http://t.co/pqZZdFNUVl
552886656500776961,vivre,309,1,1,Wed Jan 07 17:57:05 +0000 2015,2871561444,fr,vivre,,,Voil√†. #CharlieHebdo #JeSuisCharlie http://t.co/fr2sQQwgSS
552886657167679489,Mic Pringle,109,4851,0,Wed Jan 07 17:57:05 +0000 2015,154493778,en,Mic Pringle,,,RT @mrjohnofarrell: This cartoon by Robert Mankoff from The New Yorker Sept 2012.
552886657931018240,La Gazette des communes,36536,10,3,Wed Jan 07 17:57:06 +0000 2015,243272751,fr,La Gazette des communes,France,FR,Ils ont voulu tuer la libert√© d'expression c'est d√©j√† rat√©. Nos dessinateurs solidaires #charlieHebdo http://t.co/CZFYgMlMCP 2/3
552886661743669248,Crito,1867,930,0,Wed Jan 07 17:57:06 +0000 2015,1101707120,es,Crito,Madrid.%20Espa%20a,,RT @Buenafuente: Hoy todo los humoristas estamos de luto. Y la libertad tambi√©n #JeSuisCharlie #CharlieHebdo
552886663165526017,Antoine,169,19894,0,Wed Jan 07 17:57:07 +0000 2015,1180029212,und,Antoine,Paris,FR,RT @RLOppenheimer: #CharlieHebdo http://t.co/15O4YC2KWg
552886664428011520,Roberto,276,22,0,Wed Jan 07 17:57:07 +0000 2015,49833789,es,Roberto,,,RT @PanamaAmerica: FOTOS: Las portadas m√°s pol√©micas del semanario franc√©s #CharlieHebdo. v√≠a @ActualidadRT http://t.co/zvfoZRqaaW
552886663039684608,Camille,421,1781,0,Wed Jan 07 17:57:07 +0000 2015,358212306,fr,Camille,Paris%2C%20France,FR,RT @jeromegodefroy: Place de la R√©publique la foule grossit encore. #CharlieHebdo http://t.co/4tbiQMhCuP
552886664289583104,Mathieu,449,153,0,Wed Jan 07 17:57:07 +0000 2015,550291755,fr,Mathieu,France,FR,RT @lavoixdunord: Attentat √† #CharlieHebdo : la police renforce sa pr√©sence dans les gares de #Lille http://t.co/Hvc4zdDC6N http://t.co/n9P‚Ä¶
552886664050528256,Stefano Longhi,2058,62,0,Wed Jan 07 17:57:07 +0000 2015,1227622627,fr,Stefano Longhi,brusaporto%20%28%20BG%20%29,,RT @tomvampouille: Pour ceux qui ne comprennent pas la une de @OuestFrance sur #CharlieHebdo rappelons la r√©f√©rence : http://t.co/QxDXxVgd‚Ä¶
552886661114523649,Mike Coleman,1568,1727,0,Wed Jan 07 17:57:06 +0000 2015,26017791,en,Mike Coleman,N%20%20%27%20%27%27%20/%20E%20%20%27%20%27%27,US,RT @Telegraph: Here is tomorrow's @adamstoon1 cartoon http://t.co/HXIl1I4zze #CharlieHebdo http://t.co/R53jkcIOrY
552886665422049280,BURGET Catherine,52,241,0,Wed Jan 07 17:57:07 +0000 2015,705564416,fr,BURGET Catherine,,,RT @UMPitre: Je pr√©f√®re mourir debout que vivre √† genoux Charb #CharlieHebdo http://t.co/fSKrCRucFO
552886663001559040,Pieter Cleppe,10460,39,0,Wed Jan 07 17:57:07 +0000 2015,79231168,nl,Pieter Cleppe,Brussels,BE,RT @KustawBessems: De vermoorde agenten hebben voornamen. Franck en Ahmed. http://t.co/D9gCNJK4Hr #charliehebdo
552886664268611584,Les UFO √† Paname,102,1319,0,Wed Jan 07 17:57:07 +0000 2015,2400154929,fr,Les UFO √† Paname,,,RT @JustneedYuyu: Tout est dit #CharlieHebdo http://t.co/gzbDJHbu4z
552886661676163072,10-3 #chiefskingdom,595,625,0,Wed Jan 07 17:57:06 +0000 2015,37074086,en,10-3 #chiefskingdom,FBI%3F,,RT @cnnbrk: 12 killed and 11 hurt in #CharlieHebdo shooting prosecutor says. Gallery of victims: http://t.co/7gphuQgncL http://t.co/IsX2rA‚Ä¶
552886664616747008,hannah,568,34,0,Wed Jan 07 17:57:07 +0000 2015,386745873,fr,hannah,Paris%2C%20Ile-de-France,FR,RT @GaspardAlizan: L'islam est une religion comme les autres on a le droit de se moquer et de critiquer mais depuis un bunker c'est tout.‚Ä¶
552886661781020673,Arnold Koffi,96,924,0,Wed Jan 07 17:57:06 +0000 2015,411540024,en,Arnold Koffi,Earth,US,RT @woodelijah: My thoughts are with the victims and their families in Paris. #CharlieHebdo #JeSuisCharlie
552886663270387712,ü¶ô,1115,79,0,Wed Jan 07 17:57:07 +0000 2015,2538124308,fr,ü¶ô,,,RT @puremedias: Philippe Val : Ce seraient bien si tous les journaux s'appelaient demain #CharlieHebdo http://t.co/TOwO2hwaob
552886663874359296,‚Ñí. ‚úèÔ∏è üá´üá∑,156,0,0,Wed Jan 07 17:57:07 +0000 2015,1336548422,fr,‚Ñí. ‚úèÔ∏è üá´üá∑,France,FR,Fini la parole sacr√©e bonjour la parole au plus con fini les ni bon dieux ni ma√Ætres l'heure est aux clients du para√Ætre #CharlieHebdo
552886663828217856,daniel.bellhoy,119,120,0,Wed Jan 07 17:57:07 +0000 2015,1411241456,fr,daniel.bellhoy,,,RT @Salomerainbow: Confirmation de la mort de Cabu..... Je n'ai m√™me plus de mot.....  #CharlieHebdo http://t.co/YOK8pwcoZq
552886664151175169,‚ú°Ô∏è◊ó◊ô◊ú◊úüïé,350,9,0,Wed Jan 07 17:57:07 +0000 2015,453848836,ru,‚ú°Ô∏è◊ó◊ô◊ú◊úüïé,Berlin,DE,RT @euronewsru: –ë–æ–ª–µ–µ 10 000 —á–µ–ª–æ–≤–µ–∫ (–¥–∞–Ω–Ω—ã–µ –ø–æ–ª–∏—Ü–∏–∏) –Ω–∞ –º–∏—Ç–∏–Ω–≥–µ –≤ –õ–∏–æ–Ω–µ –≤ –ø–æ–¥–¥–µ—Ä–∂–∫—É #Charliehebdo (—Ñ–æ—Ç–æ @loctier) http://t.co/aeFmvpVFu7
552886663383617536,Dan Mason,120,18,0,Wed Jan 07 17:57:07 +0000 2015,2359750560,en,Dan Mason,,,RT @JAKeDetonator: Sad &amp; sickened by todays senseless killings. Love &amp; solidarity to all affected in France #jesuischarlie #CharlieHebdo ht‚Ä¶
552886662406361088,Bruno Dalpra,1265,0,0,Wed Jan 07 17:57:07 +0000 2015,720548239,fr,Bruno Dalpra,H%20nheim%2C%20%20%7C%20Alsace,,Rassemblement √† Strasbourg #CharlieHebdo
552886661651378177,Paul,5294,374,0,Wed Jan 07 17:57:06 +0000 2015,238652813,fr,Paul,Boston,,RT @Paris: #JeSuisCharlie RT@Anne_Hidalgo: Les Parisiens rassembl√©s et unis place de la R√©publique #CharlieHebdo http://t.co/pJ6A51DGlL
552886660476989441,Sam Webber,2246,7454,0,Wed Jan 07 17:57:06 +0000 2015,22504375,en,Sam Webber,Bromley%2C%20SE%20London,,RT @BBCBreaking: Parisians raise pens during a rally in support of the victims of the #CharlieHebdo attack http://t.co/kr0vQNDkr9 http://t.‚Ä¶
552886664776151040,MargaretG,701,7,0,Wed Jan 07 17:57:07 +0000 2015,439565971,en,MargaretG,Ottawa%2C%20Ontario,CA,RT @morningmoneyben: Hey yo free speech includes my right to say I didn't love all of #CharlieHebdo's cartoons. Still can't go killing peo‚Ä¶
552886663660437504,Paul,236,0,1,Wed Jan 07 17:57:07 +0000 2015,950221087,und,Paul,Lille,FR,#CharlieHebdo http://t.co/UHOdiOheJW
552886661810376705,Neo-Liberal Debbie,48,629,0,Wed Jan 07 17:57:06 +0000 2015,174557427,en,Neo-Liberal Debbie,Canada,CA,RT @SecularlyYours: If you are not condemning the #Islamic ideology that killed 12 at #CharlieHebdo your sympathy doesn't mean shit.
552886665036169217,‚úé Freedom ‚òÆ.,212,337,0,Wed Jan 07 17:57:07 +0000 2015,363009077,fr,‚úé Freedom ‚òÆ.,Strasbourg%2C%20France,FR,RT @melimel0fr: Et maintenant?
552886665304621056,WAHNETAHBEATS,784,59266,0,Wed Jan 07 17:57:07 +0000 2015,69960815,en,WAHNETAHBEATS,NewLondon%2C%20CT,,RT @davpope: Can't sleep tonight thoughts with my French cartooning colleagues their families and loved ones #CharlieHebdo http://t.co/Lq‚Ä¶
552886662444089344,Kris üíú,237,157,0,Wed Jan 07 17:57:07 +0000 2015,963529711,en,Kris üíú,Colombia,CO,RT @MaggieJordanACN: #CharlieHebdo
552886661877878784,ohuhbubb,1904,76,0,Wed Jan 07 17:57:06 +0000 2015,1135261376,en,ohuhbubb,United%20States-Midwest,,RT @pbeucler: Huge crowd now silent terribly sad angry wounded just like the whole country. Never again. #CharlieHebdo http://t.co/boP‚Ä¶
552886660971888640,Tuipster,683,0,0,Wed Jan 07 17:57:06 +0000 2015,1142858394,es,Tuipster,Mexico,MX,Los mejores tuits de la tendencia #CharlieHebdo  http://t.co/uWwdB0rcuW
552886662800605185,ùêÇùêöùêßùêûùê´ ‚úû,166,0,0,Wed Jan 07 17:57:07 +0000 2015,350162192,und,ùêÇùêöùêßùêûùê´ ‚úû,Sat%20rn,,#CharlieHebdo
